{
  "generator-jhipster": {
    "jhipsterVersion": "3.8.0",
    "baseName": "midtermApplication",
    "packageName": "org.jhipster.com",
    "packageFolder": "org/jhipster/com",
    "serverPort": "8080",
    "authenticationType": "session",
    "hibernateCache": "ehcache",
    "clusteredHttpSession": false,
    "websocket": false,
    "databaseType": "sql",
    "devDatabaseType": "h2Disk",
    "prodDatabaseType": "mysql",
    "searchEngine": "elasticsearch",
    "messageBroker": false,
    "buildTool": "gradle",
    "enableSocialSignIn": false,
    "rememberMeKey": "12f1a1916a9d8502a240ec403afdb849a3ea353b",
    "useSass": false,
    "applicationType": "monolith",
    "testFrameworks": [],
    "jhiPrefix": "jhi",
    "enableTranslation": false
  }
}